Nombre,Web,Servicios,Contacto,Descripción corta
1 Simple Idea,http://www.1simpleidea.mx,"Desarrollo de videojuegos,Work for hire,Desarrollo edugames/advergames",contact@1simpleidea.mx,"Estudio de creación de contenido visual, animado e interactivo con más de 18 años de experiencia que ayuda a las marcas a crecer y evolucionar a través de soluciones de comunicación creativa."
2D Nutz,http://2dnutz.com,Desarrollo de videojuegos,Remz@2dnutz.com,"Estudio creativo, dedicado a la creación de contenidos digitales, proyectos transmedia, videojuegos y animación. "
Abstract Studios Mx,https://abstractstudios.com.mx/,"Desarrollo de videojuegos,Desarrollo de software,Work for hire,Desarrollo edugames/advergames",contacto@abstractstudios.com.mx,"Ayudamos a que tu idea tenga el mayor impacto posible gracias a la implementación de tecnologías de la información, gamificación y diseño interactivo."
Afterlife Game Studios,http://www.afterlife.mx,Desarrollo de videojuegos, contacto@afterlife.mx,Una compañía mexicana con el objetivo de crear videojuegos de talla internacional. Queremos crear una experiencia de calidad enfocada a revivir las emociones que nos transmitían los juegos de los 9’s.
Akinaba Games,https://www.facebook.com/akinabagames/,Desarrollo de videojuegos,"gerardo@akinaba.com
",Video juegos.
Aleb Media,https://alebmedia.com/,Publicidad & marketing,alebmedia@grupoaleb.com media@grupoaleb.com.mx,Empresa impulsora de nuevos proyectos. Cada empresa tiene un potencial inigualable y es por eso que se dedican a ser socios estratégicos de tu marca.
Alebrije,http://www.alebrije.co,"Desarrollo de videojuegos,Work for hire","contacto@alebrije.co contacto@alebrije-estudios.com
",Alebrije Estudios desarrolla videojuegos y aplicaciones para dispositivos móviles.
Alt3media,http://www.altm3dia.com,Desarrollo de videojuegos,hola@altm3dia.com,Producción de Video y fotografía gastronómica y de producto. Estrategias de Marketing de Contenidos. Diseño y desarrollo web.
Alucina Studio,http://www.alucinastudio.com,Desarrollo de videojuegos,"info@alucinastudio.com
",Desarrollo de videojuegos
Alusor Game Studio,http://alusorstroke.com,Desarrollo de videojuegos,"
contacto@alusorstroke.com ",Desarrollo de aplicaciones móviles y software empresarial.
Amano,https://amano.games/,Desarrollo de videojuegos,hola@amano.games,"Somos un par de amigos haciendo juegos de manera remota, por diversión en nuestro tiempo libre. Nos gusta jugar con pequeñas y divertidas ideas, combinar mecánicas, descubrir buen game feel y experimentar con diferente estilos de arte."
AMB Multimedia,http://www.ambmultimedia.com.mx,Desarrollo de videojuegos, judith@ambmultimedia.com.mx info@ambmultimedia.com.mx,Empresa que diseña y desarrolla productos digitales interactivos para resolver necesidades específicas.
Amber,https://amberstudio.com/,Desarrollo de videojuegos,contact@amberstudio.com,"Agencia global de desarrollo de juegos independiente con sede en Bucarest, Botosani San Francisco, Los Ángeles, Guadalajara y Montreal, que ofrece servicios de desarrollo de software premium para industrias creativas."
Animactiva,http://www.animactiva.mx,Desarrollo de videojuegos,info@animactiva.mx,Empresa de servicio completo de consultoría de ingeniería de software.
Ansimuz Games,http://ansimuz.com,Desarrollo de videojuegos,https://twitter.com/ansimuz,Desarrollo de videojuegos.
Apps-O-Rama,http://www.appsorama.com,Desarrollo de videojuegos,"
info@appsorama.com",Empresa de consultoría de desarrollo que se especializa en ayudar a startups en etapa inicial con amplias necesidades de desarrollo.
Arcella Sound,https://www.arcellasound.com/gameaudio,Generación/diseño sonoro,guido@arcellasound.com,"Estudio de subcontratación de audio de juegos con sede en Mérida, México."
Archway Studios,https://www.facebook.com/archwaystudios/,Generación/diseño sonoro,https://www.facebook.com/archwaystudios/,"Estudio de grabación profesional y Film Scoring, ubicado al centro de la Ciudad de México."
Arena Esports,http://arenaesports.gg/,Servicios para e-sports,"
info@arenaesports.gg","Compañía que combina la experiencia en creación de marcas, organización deportiva, creación de contenido y eventos para generar la mejor experiencia de esports posible."
Ares6,http://www.area6.com.mx,Desarrollo de videojuegos,info@area6.com.mx,Desarrollo de videojuegos
"Arkde
",https://www.arkde.co/,Educación y capacitación,"info@arkde.co
",Plataforma de educación online con mentoría en arte digital y desarrollo de videojuegos.
arteFacto Estudio,http://www.artefactoestudio.com,"Desarrollo de videojuegos,Work for hire,Desarrollo edugames/advergames","
ventas@artefactoestudio.com
",Estudio de Desarrollo de Videojuegos basado en Mexico.
Arvihd Producciones,http://www.arvihd.com.mx,"Desarrollo de videojuegos,Desarrollo edugames/advergames,Work for hire",hola@arvihd.com.mx,Empresa dedicada al desarrollo creativo de estratégias y herramientas tecnológicas para la creación de medios de comunicación de alto impacto. 
Authentic Illusions,http://www.jara-ai.com,Desarrollo de videojuegos,contact@authentic-illusions.com,Empresa dedicada a la elaboración de videojuegos con Inteligencia Artificial.
AVTOP Technology,https://www.avtop.com.mx,Desarrollo de videojuegos, ventas@avtop.com.mx ,Empresa que provee a los usuarios de una o varias herramientas que les permitiera mantenerse a salvo de los virus informáticos que cada vez proliferan más en las computadoras
Axolotl Bros,https://www.facebook.com/AxolotlBros/,Desarrollo de videojuegos,"
axolotlbrothers@gmail.com
",Estudio mexicano de desarrollo de videojuegos independiente formado por una familia. 
Aztec Game Studio,http://aztecgamestudio.com.mx/,Desarrollo de videojuegos,aztec.game.studio@gmail.com,"Somos un pequeño nuevo estudio en Querétaro, con preferencia por ideas originales, tanto en mecánicas como narrativa. Creemos en un diseño de juegos apasionado, donde el concepto dicte las mecáncias, y la narrativa se adapte a la experiencia que los jugadores quieran generar."
Bad Tomato Games,http://www.badtomatogames.com,Desarrollo de videojuegos,"
contact@badtomatogames.com
",Desarrollo de videojuegos con enfoque en la diversidad cultural.
Big Mini Geek,http://www.bigminigeek.com,Desarrollo de videojuegos,https://www.facebook.com/BigMiniGeek,"Editorial digital independiente dedicada a crear y publicar contenido de entretenimiento de autor, especializada en producción de arte y diseño de juegos."
Big Monster,http://www.big-monster.net,Desarrollo de videojuegos,contacto@big-monster.net,"Equipo de especialistas en programación y diseño de videojuegos, soluciones digitalesy experiencias multimedia."
BitAll Force,http://www.bitallforce.com,Desarrollo de videojuegos,contact@bitallforce.com,Estudio dedicado al desarrollo de videojuegos y APPS para celular ubicados en la CDMX.
BLEDA Game Studios,http://netsites.mx/bledagamestudios,Desarrollo de videojuegos,contacto@netsites.mx,División de Netsites Soluciones Web y Multimedia enfocada al desarrollo de videojuegos independientes tanto en 2D como 3D.
Brick Studios,http://facebook.com/BrickGamingStudios,Desarrollo de videojuegos,"brickgamingstudios@gmail.com
",
Bromio,http://bromio.com.mx,Desarrollo de videojuegos,info@bromio.com.mx,Desarrollo de videojuegos y experiencias digitales innovadoras pero que mantengan elementos familiares para los usuarios
Bromio Games,https://www.bromio.com.mx/,Desarrollo de videojuegos,"
brickgamingstudios@gmail.com
",Estudio de videojuegos en México que busca revolucionar la manera de jugar de la comunidad.
Bunker Media,http://bunkermedia.com.mx,Desarrollo de videojuegos,"contacto@bunkermedia.com.mx

","Desarrollamos plataformas que ayudan a agilizar los procesos productivos de las empresas, brindar servicio en linea, e-commerce, rentas, administración de inmuebles, seguridad, colaboración, procesos."
Caraquita Games,http://facebook.com/Caraquita-Games-128426803885176,Desarrollo de videojuegos,https://www.facebook.com/Caraquita-Games-128426803885176,Desarrollo de videojuegos
Cerevrovi,http://www.cerevrovi.com,Desarrollo de videojuegos,"
info@cerevrovi.com","Centro de Investigación y Desarrollo de Realidad Virtual, Robótica y Videojuegos"
CGBOT,http://cgbot.com,Desarrollo de videojuegos,https://www.facebook.com/CGBot/,Estudio de subcontratación de arte de videojuegos
Chido Games,https://facebook.com/ChidoGames,Desarrollo de videojuegos,"chidogamesmx@gmail.com
",Desarrollo de video juegos para el aprendizaje de idiomas
COCO School,http://cocoschool.mx/,Educación y capacitación,mflores@cocoschool.mx jcarlos@cocoschool.com,"Escuela privada especializada en formación superior en disciplinas profesionales como la animación, diseño, videojuegos, cine y comunicación."
Cometa,https://cometagames.mx/,Desarrollo de videojuegos,cometagamesmx@gmail.com,Desarrollo de videojuegos con pinguinos
Cosmogonia,http://www.cosmogoniacaotica.com,Desarrollo de videojuegos,"contact@cosmogonia.mx
",Desarrollo de videojuegos
Cubito Morado Studios,http://cubitomorado.blogspot.mx,Desarrollo de videojuegos,http://cubitomorado.blogspot.mx,Blog
Digitalbox,http://www.digitalbox.com.mx,"Desarrollo de videojuegos,Desarrollo edugames/advergames,Work for hire",,
Dog Biscuit Studios,https://dogbiscuitstudios.mx,"Desarrollo de videojuegos,Work for hire,Generación/diseño visual,Generación/diseño sonoro,Streamer (promo Twitch)",ogbiscuit@dogbiscuitstudios.mx,"Somos un  estudio de desarrollo multimedia independiente integrado por jóvenes de distintas partes de México. Surge por la necesidad de contar historias y crear videojuegos que tengan calidad internacional, para que a México se le empiece a reconocer como líder en creaciones de videojuegos además de gran consumidor, que busca reunir generaciones, padres que jugaron alguna consola retro y ahora pueden compartir su gusto con sus hijos. "
DOT Studio,http://dotstudio.me,Desarrollo de videojuegos,,
Dracma Studios,https://www.dracmastudios.com/,"Desarrollo de videojuegos,Work for hire",contact@dracmastudios.com,Desarrolladora independiente de videojuegos para PC y consolas.
Dreidel Interactive,https://www.dreidel.mx/ ,Desarrollo de videojuegos,"info@dreidel.mx
",Empresa desarrolladora de juegos de casino orgullosamente 1% mexicana.
Duck Media (grupo Bakke),http://www.gbmobile.com,Desarrollo de videojuegos,,
Dynamic Media Triad,https://www.dmtriad.com/,Desarrollo de videojuegos,dynamicmediatriad@gmail.com,Estudio basado en CDMX. Creadores de Broken Reality y Astrodogs.
Eliptica,http://www.eliptica.com.mx,Desarrollo de videojuegos,contacto@eliptica.com.mx,"Diseñamos y creamos personajes y entornos 2D / 3D para animación, videojuegos, broadcast o cine."
Ennui Studio,https://ennuistudio.com,Desarrollo de videojuegos,"contacto@ennuistudio.com
","
Empresa Regia dedicada al desarrollo indie de videojuegos desde Monterrey, Nuevo León, México."
EON Reality,http://eonreality.com,"Desarrollo de videojuegos,Work for hire","
richie.chen@eonreality.com
",Creadores de la plataforma AVR para empresas y educación.
Esports Latin America,https://www.facebook.com/EsportsLA/,Servicios para e-sports,contacto@esla.pro,Creador de videojuegos
Estación Pi,http://estacionpi.mx,Desarrollo de videojuegos,,
Evil Geometry,https://www.flowcode.com/page/evilgeometry,Desarrollo de videojuegos,evilgeometrystudio@gmail.com,"Estudio independiente de desarrollo de vídeo juegos para PC y móviles, con la misión de crear experiencias de juego que reflejen los enigmas de la mente humana con narrativas épicas y mecánicas de juego realmente divertidas."
EZ Esports,https://ezesport.com/,Servicios para e-sports,https://twitter.com/EZEsportsLATAM,"Creamos servicios de eSports para quien los necesite. Torneos, ligas, producción de eventos, gestión de jugadores y creación de contenido."
Farda,https://farda.games/,Desarrollo de videojuegos,,
Feline Arts,http://felinearts.net,Desarrollo de videojuegos,,
Figment,http://www.figment.com.mx,Desarrollo de videojuegos,"info@figment.com.mx
","Empresa donde el arte y la tecnología se unen para crear app, social media, videojuegos y más."
FireToken Studios,http://www.firetoken.com,Desarrollo de videojuegos,info@firetoken.com,Desarrollador de software para casinos
FlyMex,http://www.flymex.com.mx,"Work for hire,Desarrollo de videojuegos,Desarrollo edugames/advergames,Hardware","info@flymex.mx

",Desarrollo de  software y hardware de simulación de vuelo y accesorios de aviación.
FockaGames,http://fockagames.com,Desarrollo de videojuegos,contacto@fockagames.com,Desarrollo de videojuegos
GameCoder Studios,http://gamecoderstudios.com,Desarrollo de videojuegos,,
Gameloft,http://www.gameloft.com.mx,Desarrollo de videojuegos,https://www.facebook.com/GameloftLatam/?brand_redir=216238295505,Desarrollo de videojuegos
Gamelta Esports Professional League,https://www.facebook.com/GameltaMX/,Servicios para e-sports,"ggplforall@gmail.com
",Desarrollo de videojuegos
Gamers Arena,https://gamersarena.com.mx/,Servicios para e-sports,atencionaclientes@arenatheplacetoplay.com,Desarrollo de videojuegos
Gamers Clan,https://gamersclan.com/,Servicios para e-sports,contacto@gamersclan.com,"Comprometidos con la generación de experiencias memorables, medibles y bajo la premisa estratégica del gaming plasmada en nuestras creaciones."
Gargamel Studio,http://gargamel-estudio.com,Desarrollo de videojuegos,info@gargamel-estudio.com,"Gargamel Estudio es un laboratorio en el cual desarrollamos videojuegos, interactivos y talleres educativos."
Getaclub,https://getaclub.io/es/,Servicios para e-sports,contact@getaclub.io,GETA CLUB es un movimiento global de jugadores que se reúnen en una plataforma tecnológica con el ánimo de divertirse y generar dinámicas de competición. 
Growlinga,http://growlinga.com,Desarrollo de videojuegos,https://www.facebook.com/Growlinga,"Vivimos la vida a base de desarrollar juegos indies, comer pizza y beber café.
"
Gyroscopik Studios,http://www.gyroscopik.com,Desarrollo de videojuegos,info@gyroscopik.com,Desarrollo de videojuegos
Halberd Studios,http://halberdstudios.com/,Desarrollo de videojuegos,"hi@halberdstudios.com
mike@halberdstudios.com 
","Pequeña empresa productora de PI con sede en Guadalajara, México. Actualmente trabajando en # 9YearsofShadows"
Happy Spike,http://happyspike.com,Desarrollo de videojuegos,https://www.facebook.com/happyspikegames,"Somos un equipo joven de desarrollo de software, creamos videojuegos y aplicaciones de entretenimiento digital."
HGC Technologies,http://hcg.tech,"Desarrollo de videojuegos,Desarrollo de software",,
Hollow Games,http://hollowgames.com.mx,Desarrollo de videojuegos,Mandar correo en su sitio,Desarrollo de videojuegos
Hueyi Multimedia,http://hueyi.com,Desarrollo de videojuegos,,
Hyperbeard Games,http://hyperbeardgames.com,Desarrollo de videojuegos,https://www.facebook.com/HyperBeardGames/,Desarrollo de videojuegos
Hyperlogics Solutions Beyond,http://hyperlogics.com,Desarrollo de videojuegos,,
Hypnic,http://hypnicgames.com,Desarrollo de videojuegos,,
I-Xuup,http://ixuup.com,Desarrollo de videojuegos,,
IEBS,https://www.iebschool.com/es-mx/programas/master-esports-manager-marketing-management/,"Educación y capacitación,Servicios para e-sports","sjovacho@iebschool.com
",Escuela de negocios nativa digital 
Ignus,http://ignus.mx,Desarrollo de videojuegos,"contacto@ignus.mx
","¡Somos IGNUS! y nos encanta promover negocios brindando servicios y soluciones que combinen innovación, tecnología y arte, generando experiencias únicas que agreguen valor a nuestros clientes y sus productos."
Ihtoa Games,http://ihtoa.games/,Desarrollo de videojuegos,,
Ikita Studio,https://ikita.com.mx,Desarrollo de videojuegos,"contacto@ikita.com,mx",Soluciones de diseño y marketing digital para pymes
Ikoriko,http://ikoriko.com,Desarrollo de videojuegos,"
contacto@ikoriko.com","Empresa totalmente mexicana, desarrolladora de videojuegos y multimedia especializada en la educación a través de estos medios"
IMERTUAL,http://imertual.com,Desarrollo de videojuegos,contact@imertual.com,Desarrollo de videojuegos
Inflexion Games,http://inflexiongames.com,Desarrollo de videojuegos,,
Inflexion Labs,http://inflexionlabs.com,Desarrollo de videojuegos,,
Inoma,http://inoma.mx,Desarrollo de videojuegos, contacto@inoma.mx, ONG comprometida con la educación. Conoce nuestras herramientas digitales gratuitas en taktaktak.com y labtak.mx. 
Instituto Universitario Amerike,https://amerike.edu.mx/,Educación y capacitación,amerikegdl@amerike.edu.mx,"Amerike es un proyecto universitario internacional; un modelo académico consolidado en Europa, con una mirada global adaptada a las necesidades de los futuros profesionales mexicanos."
Inter Virtus,www.intervirtus.com,"Work for hire,Desarrollo de videojuegos,Publicidad & marketing,Generación/diseño visual,Desarrollo de software,Desarrollo edugames/advergames,Educación y capacitación",intervirtusinfo@gmail.com,"Nacimos en la Ciudad de México en 2014  con el fin de  ofrecer servicios enfocados en producción audiovisual e innovación tecnológica.

Somos una empresa innovadora en desarrollar  contenidos digitales para diferentes industrias. Creamos Soluciones atendiendo las necesidades de nuestros clientes."
Interalia,http://interalia.net,Desarrollo de videojuegos,contacto@interalia.net,"Agencia interactiva enfocada a crear, diseñar y ejecutar estrategias de marketing online en Latinoamérica."
Intus,http://intus.tv,Desarrollo de videojuegos,contacto@intus.tv,"En INTUS creamos experiencias interactivas de marketing, publicidad, comunicación y arte, con tecnologías de avanzada, consultoría estratégica."
Ironbit,http://ironbit.com.mx,Desarrollo de videojuegos,info@ironbit.com.mx,"Nos dedicamos a innovar experiencias digitales, haciendo uso de tecnología móviles, tales como: iPhone, iPad, Android, Windows Phone, Windows 8, Blackberry, S4."
Jitzu,http://jitzu.mx,Desarrollo de videojuegos,alberto@jitzu.mx,Virtual Reality / Augmented Reality / 3D / Animation / VFX
KaraOkulta,www.karaokulta.com,Desarrollo de videojuegos,hello@karaokulta.com,Creando arte en forma de Apps y Videojuegos
Khimera Lab,http://www.khimeralab.com,Desarrollo de videojuegos,contacto@khimeralab.com,"De la combinación de elementos sobrenaturales y ciencia, surge un laboratorio enfocado a crear soluciones tecnológicas mediante el uso de #VirtualReality, #AugmentedReality y #InteractiveMultimedia."
Kokonut Studio,http://kokonutstudio.com,Desarrollo de videojuegos,,
Kraken Studio,https://www.facebook.com/krakenstudiogames/,Desarrollo de videojuegos,,
Kreative Co,http://kreativeco.com,Desarrollo de videojuegos,luis@kreativeco.com,"Búsqueda de soluciones creativas donde se integren todas las áreas del diseño: interactivo, gráfico e industrial; dando lugar a una propuesta completa y revolucionaria para el mercado actual."
Kurowi Games,https://kurowigames.com,Desarrollo de videojuegos,info@kurowigames.com,"Creamos contenido educativo para que los niños y las niñas aprendan a aprender. A través de la tecnología y de herramientas digitales divertidas, mejoramos la educación y les creamos hábitos de aprendizaje que mejoran su entorno, y su calidad de vida."
Larva Game Studios,http://larvagamestudios.com,Desarrollo de videojuegos,https://mx.linkedin.com/company/larva-game-studios,"Larva Game Studios es un estudio de desarrollo de juegos y editor de primer nivel para la región de LATAM, ubicado en Guadalajara, México y Los Ángeles, California."
Lava Cup,http://laracupstudio.com,Desarrollo de videojuegos,,
Lienzo,http://lienzo.mx,Desarrollo de videojuegos,hola@lienzo.mx,En Lienzo desarrollamos videojuegos con el objetivo de trascender en el medio.
Liga de videojuegos profesional,https://lvp.global/,Servicios para e-sports,info.mx@lvp.global,"LVP, del Grupo MEDIAPRO, es uno de los mayores operadores de competiciones de videojuegos del mundo y la mayor organización de esports en lengua hispana."
Liga Mexicana de Videojuegos,https://lmv.mx/,Servicios para e-sports,contacto@lmv.mx,Queremos ser la competencia de referencia para los amantes de los Videojuegos en México.
Little Sasquatch Games,https://www.facebook.com/LittleSasquatchGames/,Desarrollo de videojuegos,support@littlesasquatchgames.com,Little Sasquatch Games es un estudio de juegos independiente formado por dos amigas.
Lola,http://lolamx.com,Desarrollo de videojuegos,info@lolamx.com,"LOLA es una empresa mexicana que cuenta con una amplia experiencia en la búsqueda de talentos para el doblaje neutro. Nuestra gente se especializa en su área y, trabajando juntos, creamos la receta perfecta para el éxito de tu producto"
LRPSoft,http://lrpsoftblog.azurewebsites.net,Desarrollo de videojuegos,,
Mad Raccoon Studio,https://www.madraccoonstudio.com,Desarrollo de videojuegos,epalmeros@madraccoonstudio.com,Technologies Multisolutions.
Major Mexican League,https://mmlmx.com/,Servicios para e-sports,mmlmx@outlook.com,"Major Mexican League, mejor conocido como MML, es la liga no oficial, de Call of duty mas reconocida en Mexico de los ultimos años. y su division de Elite, ha sido el escalafon de muchas nuevas organizaciones, para consolidarse y exhibir su potencial."
Man Eater Games,http://maneatergames.com,Desarrollo de videojuegos,contact@maneatergames.com,We're Man-Eater Games and we specialize in making boys' love games.
Mantiz Game Studios,http://www.mantizgs.com,Desarrollo de videojuegos,https://www.facebook.com/MantizGameStudios/about/?ref=page_internal,"Somos una empresa tecnológica enfocada a la innovación, que ofrece soluciones interactivas personalizadas para posicionar un mensaje o una marca a través de medios digitales eficaces, que causan un alto impacto en el mercado."
Máquina Voladora,http://www.maquivol.com,Desarrollo de videojuegos,https://maquivol.com/#section_contact,"Maquivol is a videogame development studio based in Mexico City composed of creative people related by their passion for technology,"
Mars Games,http://mars-games.net,Desarrollo de videojuegos,https://www.facebook.com/MarsGamesMobile/about/?ref=page_internal,"Mars Games es un estudio independiente fundado en Septiembre del año 213, nuestro objetivo es crear experiencias de juego únicas a través de nuevos videojuegos que posean mecánicas, arte, historias y personajes únicos."
Master Kiwi,http://masterkiwi.com,Desarrollo de videojuegos,hola@sferea.com,Master Kiwi es una innovadora plataforma que simplifica la creación de videojuegos y permite a publicistas y mercadologos impulsar sus eventos.
Materia Gris,http://materiagris.com.mx,Desarrollo de videojuegos,draco@materiagris.com.mx,
Mecha Studios,http://mechastudios.com,Desarrollo de videojuegos,contact@mechastudios.com,"Somos un estudio de desarrollo de juegos independiente con mucha experiencia en videojuegos, por lo que sabemos cómo crear un juego divertido, estético y trascendente."
Megalixir Games,http://megalixirgames.com/,Desarrollo de videojuegos,contacto@megalixirgames.com,"¡Un estudio de juegos de novelas visuales especializado en narraciones visuales, juegos hermosos y experiencias increíbles!"
Mero Studios,http://merostudios.com,Desarrollo de videojuegos,contacto@merostudios.com,"Es un estudio de desarrollo de videojuegos independiente, ubicado en la península de Yucatán. Nuestro objetivo es crear videojuegos culturales."
MST School,https://www.mstschool.mx/school,Educación y capacitación, info@mstschool.mx ,MST Concept Design School nace en 21 ante la necesidad de formar profesionales del Diseño especializado en el entretenimiento.
Navegante Entertainment,http://www.navegante.games/,Desarrollo de videojuegos,contact@playgreak.com,Navegante Entertainment is an independent video game studio based in Mexico with collaborators in other countries from Latin America.
NCite,https://ncite.mx,Desarrollo de videojuegos,contact@ncite.mx,We use games and apply gamification elements to digital learning experiences.
NEVERENDING games,http://neverendingames.com/,Desarrollo de videojuegos,https://www.facebook.com/NeverEnding-Games-1603583309955174/?fref=ts,We are an independent studio with lot’s of imagination and enthusiasm and since we have been playing games from a long time ago we decided to create our own video games and be a part of this amazing industry.
Nibiru Studios,http://nibirustudios.com,Desarrollo de videojuegos,contacto@nibirustudios.com,
Nite Estudio,http://nite-estudio.com,Desarrollo de videojuegos,contacto@nite-estudio.com,Somos un grupo multidisciplinario de diseñadores gráficos y programadores con la finalidad de brindar estrategias de comunicación gráfica que permitan el crecimiento de las ideas y proyectos de nuestros clientes.
Nuke Games,http://www.nukegames.mx,Desarrollo de videojuegos,https://www.facebook.com/nukegame/,Nuke games is a indie game developer.
Nuts and Bolts,http://nuts.mx,Desarrollo de videojuegos,,
Ogre Pixel,http://ogrepixel.com,Desarrollo de videojuegos,ogrepixel@gmail.com,Creating fantasy stories in form of indie video games.
Onirik Game Studio,http://www.onirikgamestudio.com,Desarrollo de videojuegos,daniel@onirikgs.com,"En Onirik Research Lab se generarn diversos productos que integran diversas disciplinas que intervienen en el desarrollo de nuevas tecnologías donde se dan cita la programación de imagen, movimiento, sonido y estructura física para lograr efectos espectaculares."
Patoli Studio,https://patolistudio.com,Desarrollo de videojuegos,info@patolistudio.com,A Mexican GameDev Studio focusing in 2D mobile games.
Pialoki,http://pialoki.com,Desarrollo de videojuegos,https://www.facebook.com/pialoki.games/,"Hi we are Pialoki. An interactive entretainment company, focused on creating excited games that bring joy to everyone."
Pink Bear Games,https://pinkbeargames.com/,Desarrollo de videojuegos,contacto@pinkbeargames.com,"Patito es un proyecto que busca apoyar a nuestra sociedad. Nuestro objetivo es hacer consciencia en niños y adultos, acerca del Abuso Sexual Infantil."
Pixcomp,www.pixcomp.com,Desarrollo de videojuegos,contacto@pixcomp.com,
Poiesus Games,https://www.poiesusgames.com,Desarrollo de videojuegos,poiesusgames@gmail.com,"Poiesus Games es un proyecto de estudio independiente dedicado a los videojuegos, siendo el primero de estos 'Capitán Kalani y el sindicato robótico'"
QCreativo,www.qcreativo.com,Desarrollo de videojuegos,contacto@qcreativo.com,Soy un animador y programador de videojuegos
Quetzalcoatl Games,https://twitter.com/QuetzalcoatlGS,Desarrollo de videojuegos,quetzalcoatlgs@gmail.com,
RCK Games,http://rckgames.com,Desarrollo de videojuegos,contacto@rckgames.com,"Conquistamos al mundo desarrollando apps, creando videojuegos y contando historias"
RCMX,www.rcmx.mx,"Servicios legales,Servicios financieros,Educación y capacitación",raul@rcmx.mx,"“Como creador dedica tu tiempo a lo que te gusta, nosotros nos ocupamos del resto”.

Somos un cluster de Entertainment & Business Management 
con más de 20 años de experiencia. 
Buscamos dar dirección y aportar claridad para 
tu empresa o marca personal por medio 
de nuestros servicios: 

Para Marcas:
+Booking Management - Encontramos el talento ideal a las marcas que buscan impulsar sus productos o servicios. 

Para Creativos:
+Business Management - Contigo tomamos el rumbo y dirección a tus proyectos, desarrollando una estructura financiara y legal sana y confiable.
Somos tus aliados para la interpretación de las finanzas, seguridad ante las decisiones, confianza y dirección en el manejo de tus recursos.

+Booster Training - Te ayudamos a potenciar la mejor versión de ti. Contamos con un Programa basado en High Performance Coaching, proceso creado para ayudarte a alcanzar niveles elevados de rendimiento e incrementar el potencial de tu vida.
"
Realidad Virtual MX,http://www.realidadvirtualmx.com/,Desarrollo de videojuegos,inforvmx@gmail.com,Ofrecemos servicios de desarrollo y entretenimiento con realidad virtual y aumentada.
Render Farm Studios,https://www.renderfarm.com.mx,Desarrollo de videojuegos,ventas@renderfarm.com.mx,"Contamos con más de 1 años de experiencia en el medio educativo y de capacitación, publicitario, cultural, de negocios y de entretenimiento."
SAE México,https://mexico.sae.edu/,Educación y capacitación,,
Salmon Snake Studio,http://www.salmonsnakestudio.com,Desarrollo de videojuegos,http://www.salmonsnakestudio.com/,
Seashell Studio,http://www.seashellstudio.mx,Desarrollo de videojuegos,jobs@seashellstudios.mx,Un estudio enfocado en sumergir a la audiencia en atmósferas que generen un eco de experiencias memorables.
Skay Solutions,http://www.skaysolutions.com/,Desarrollo de videojuegos,videojuegos@skaysolutions.com,SKAY SOLUTIONS ES LA EMPRESA LÍDER EN MÉXICO EN DESARROLLO DE VIDEOJUEGOS Y GAMIFICACIÓN DE CONTENIDO
Software House Merida,http://shmerida.mx,Desarrollo de videojuegos,info@shmerida.mx,As your nearshore partner we provide top-talent programmers that work alongside your onshore team thus boosting your business objectives.
SQUAD,www.squad.com.mx,"Desarrollo de videojuegos,Publicidad & marketing,Work for hire",info@squad.com.mx,
Tagwizz,www.tagwizz.com,Desarrollo de videojuegos,contact@tagwizz.com,"We are full-service game development studio dedicated to support, colaborate and assist other companies in their creative endeavours."
Tec de Monterrey,https://tec.mx/es,Educación y capacitación,tecservices@servicios.tec.mx,"En el Tecnológico de Monterrey formamos líderes con espíritu emprendedor, sentido humano y competitivos internacionalmente."
Tech Universidad Tecnológica ,www.tectitute.com,Educación y capacitación,jjmarquez@techtitute.com,
Tequila Works,https://www.tequilaworks.com/en/,Desarrollo de videojuegos,info@tequilaworks.com,"Creating small tasteful things, that is our philosophy... and our challenge!"
TGA Company,http://www.tgacompany.com/,Desarrollo de videojuegos,info@tgacompany.com,We're a independent game development studio working on A RAT'S QUEST - The Way Back Home It will be published by HandyGames!
The Dreamerians,https://www.facebook.com/pg/TheDreamerians,Desarrollo de videojuegos,hello@thedreamerians.com,
Third World Productions,http://thirdworldproductions.com.mx,Desarrollo de videojuegos,thirdworldproductions@gmail.com,Videogame production company using the power of imagination and creativity
TKO Game Studios,https://www.facebook.com/tkogames/,Desarrollo de videojuegos,contacto@tkogamestudios.com,Amamos hacer sonreir a la gente con contenido para dispositivos móviles y mercados latinos. Suscribete para tener todo! en http://club.tkogamestudios.com
Tlakali Game Studio,http://www.tlakali.com,Desarrollo de videojuegos,tgs@tlakali.com,"Somos un estudio independiente de desarrollo de videojuegos que, al igual que otros estudios mexicanos, estamos en la misma línea de aportar algo para que México no sea unicamente consumidor de videojuegos."
Tokyoplay,http://www.tokyoplay.com,Desarrollo de videojuegos,hello@tokyoplay.com,Nosotros hacemos juegos asombrosos y desafiantes porque creemos que todos quieren divertirse.
Tres Pixeles,https://trespixeles.mx/,"Desarrollo de videojuegos,Work for hire",contacto@trespixeles.mx,"Hemos creado videojuegos y aplicaciones para distintas plataformas como Android, iOS, PC, Mac y Web."
Trickshot Game & Development Studio,http://gottainkthis.tumblr.com/,Desarrollo de videojuegos,,
Tu nube Tech & Innovation,www.tunube.net,Desarrollo de videojuegos,hola@tunube.net,"Disfrutamos explorar, encontrar sentido y adoptar NUEVAS TECNOLOGÍAS. Con este conocimiento y el de nuestros clientes, analizamos, proponemos e implementamos. En tunube, INNOVAMOS."
"UNIAT, University of Advanced Technologies",https://www.uniat.edu.mx/,Educación y capacitación,informes@uniat.edu.mx,En UNIAT estamos comprometidos a ofrecer programas constantemente actualizados conforme a las necesidades e innovaciones que se dan dentro de las distintas industrias de Tecnología y Artes Digitales.
"Universidad AME, Facultad de Videojuegos y Medios Interactivos",http://xp-ame.com,Educación y capacitación,info@xpfacultad.com,
Universidad de Artes Digitales,http://www.uartesdigitales.edu.mx/,Educación y capacitación,informacion@uartesdigitales.edu.mx,
Universidad de Guadalajara,http://www.udg.mx/,Educación y capacitación,http://www.udg.mx/info/contacto,
Universidad de Morelia,https://www.udemorelia.edu.mx,Educación y capacitación,contacto@udemorelia.edu.mx,
Universidad Marista de Guadalajara,https://umg.edu.mx/portal/,Educación y capacitación,info@umg.edu.mx,
Universidad Panamericana,https://www.up.edu.mx,Educación y capacitación,contacto@up.edu.mx,
Universidad Tecnológica Americana,https://www.uteca.edu.mx/,Educación y capacitación,,
Ursus Game Studios,http://www.ursusgamestudios.com,Desarrollo de videojuegos,,
VFX PARTNERS,http://www.vfx.partners,Generación/diseño visual,welove@vfx.partners,VFX PARTNERS estudio mexicano de animación CGI que ofrece producción de trailers cinematicos para la industria de los videojuegos.
Videogames Academy,https://videogamesacademy.com/,Educación y capacitación,,
Villa Vainilla,www.villavanilla.com,Desarrollo de videojuegos,hola@villavanilla.com,
WASD Studio,http://wasdstudio.com,Desarrollo de software,,
WashaWasha Entertianment,www.washawasha.com,Desarrollo de videojuegos,info@washawasha.com,
Wayak Studio,https://www.facebook.com/wayakstudio,Desarrollo de videojuegos,wayaksoftware@outlook.com,
We The Force Studios,http://wetheforcestudios.com,Desarrollo de videojuegos,about@wetheforce.com,
WebCreek,https://webcreek.com,Desarrollo de software,Info@webcreek.com,
Xibalba Studios,www.xibalbastudios.com,Desarrollo de videojuegos,info@xibalbastudios.com,
Xólotl Creative Labs,http://xolotlcl.com,Desarrollo de videojuegos,,
Yakanda Studios,https://www.facebook.com/YakandaStudios,Desarrollo de videojuegos,contacto@yakanda.mx,
Yeltic Virtual Trainings,http://yeltic.com/,Desarrollo de videojuegos,hola@yeltic.com,
YinGam,http://yingammx.strikingly.com,Desarrollo de videojuegos,contacto@yingam.com,