,,,,,
,Competidor,Tipo de Océano,Verticales Principales,Fortalezas del Competidor,Estrategia de Starpago
,Mercado Pago,Océano Rojo,"E-commerce, Retail","Ecosistema cerrado, gran base de usuarios",Diferenciación en nichos de alto riesgo y iGaming
,PayU,Océano Rojo,E-commerce general,"Presencia regional, múltiples adquirentes",Mejores tasas de aprobación y soporte especializado
,Kushki,Océano Rojo,"Enterprise, SaaS","Infraestructura robusta, adquirencia local",Agilidad en integración y flexibilidad comercial
,PayRetailers,Océano Azul,"iGaming, Forex","APMs locales, foco en alto riesgo",Competir en pricing y mejor experiencia de usuario
,AstroPay,Océano Azul,"iGaming, Crypto","Billetera virtual, usuarios leales",Alianzas directas con operadores para cash-in/out
,Nuvei,Océano Azul,"iGaming, Crypto","Tecnología global, altas tasas de aprobación",Soporte hiperlocalizado y atención personalizada
,,,,,
,Competidor (Brasil),Tipo de Océano,Verticales Principales,Fortalezas del Competidor,Estrategia de Starpago
,EBANX,Océano Rojo,"Cross-border, Retail","Dominio en Pix y boletos, presencia global",Enfoque en merchants locales de nicho y agilidad
,PagSeguro,Océano Rojo,"SMBs, Retail",Fuerte presencia física y digital,Soluciones B2B personalizadas y APIs modernas
,Mercado Pago BR,Océano Rojo,E-commerce,"Base de usuarios masiva, ecosistema",Atender nichos desatendidos con mejor pricing
,Pay4Fun,Océano Azul,iGaming,"Billetera líder en apuestas, regulada",Integración complementaria y diversificación de APMs
,Zimpler,Océano Azul,iGaming (A2A),"Pagos instantáneos vía Pix, onboarding rápido",Mejorar experiencia de cashout y soporte local
,AnSpacePay,Océano Azul,iGaming,Soluciones específicas para apuestas,Superar en soporte técnico y estabilidad de plataforma
,Monnet Payments,Océano Azul,"Payouts, High-Risk",Payouts eficientes en LATAM,Solución end-to-end (pay-in/pay-out)
,Flow,Océano Rojo,"E-commerce, Retail","70+ métodos de pago, alcance global",Foco hiperlocalizado en LatAm
,Kira,Océano Azul,"B2B, Crypto","API de stablecoins, cuentas USD",Posicionamiento en iGaming y High-Risk
,Bamboo Payment Systems,Océano Rojo,"B2B, B2C Payins/Payouts",Presencia regional LATAM,Agilidad en onboarding
,Inpay,Océano Rojo,"B2B, Financial Institutions","Alternativa a SWIFT, red bancaria",Mejor pricing y adquirencia local